model,strategy,outcome,cohort,fold,n_train,n_test,auc_roc,f1_weighted,sensitivity,specificity
Random Forest,Pooled baseline,Binary,All,1,6549,1637,0.7434505679294372,0.6708600781160102,0.4110032362459547,0.8578431372549019
Random Forest,Pooled baseline,Binary,All,2,6549,1637,0.7565965932564274,0.6692958371177052,0.3889789303079417,0.8745098039215686
Random Forest,Pooled baseline,Binary,All,3,6549,1637,0.7760503066704802,0.6799731740639783,0.4165316045380875,0.8696078431372549
Random Forest,Pooled baseline,Binary,All,4,6549,1637,0.7643769663456954,0.6792428401384965,0.3987034035656402,0.884313725490196
Random Forest,Pooled baseline,Binary,All,5,6549,1637,0.7588274245643454,0.678024087175934,0.39805825242718446,0.8832188420019627
ANN,Pooled baseline,Binary,All,1,6549,1637,0.710638365378514,0.6622501531975488,0.5889967637540453,0.7029411764705882
ANN,Pooled baseline,Binary,All,2,6549,1637,0.6903144564146566,0.6605263975428403,0.5607779578606159,0.7196078431372549
ANN,Pooled baseline,Binary,All,3,6549,1637,0.711960148727238,0.6679986372328968,0.5640194489465153,0.7303921568627451
ANN,Pooled baseline,Binary,All,4,6549,1637,0.7248371309625957,0.6852670848467448,0.5996758508914101,0.7352941176470589
ANN,Pooled baseline,Binary,All,5,6549,1637,0.70788751583982,0.6620195191318093,0.5776699029126213,0.7105004906771345
Random Forest,Age-inclusive pooled,Binary,All,1,6549,1637,0.7522146075258583,0.6775679283280758,0.42071197411003236,0.861764705882353
Random Forest,Age-inclusive pooled,Binary,All,2,6549,1637,0.7618163472844567,0.6724520195371035,0.4051863857374392,0.865686274509804
Random Forest,Age-inclusive pooled,Binary,All,3,6549,1637,0.7755775892204532,0.6872872510089411,0.4376012965964344,0.8647058823529412
Random Forest,Age-inclusive pooled,Binary,All,4,6549,1637,0.7642697111259414,0.6781982927109456,0.3987034035656402,0.8823529411764706
Random Forest,Age-inclusive pooled,Binary,All,5,6549,1637,0.7559683171838627,0.6767258765203198,0.4029126213592233,0.8763493621197253
ANN,Age-inclusive pooled,Binary,All,1,6549,1637,0.7151294498381876,0.6676224594408419,0.6067961165048543,0.7
ANN,Age-inclusive pooled,Binary,All,2,6549,1637,0.7062351034417007,0.6750858079032929,0.5996758508914101,0.7176470588235294
ANN,Age-inclusive pooled,Binary,All,3,6549,1637,0.7174365207995678,0.6802653777364337,0.6012965964343598,0.7254901960784313
ANN,Age-inclusive pooled,Binary,All,4,6549,1637,0.7306670480185591,0.6876821768719901,0.6256077795786061,0.7215686274509804
ANN,Age-inclusive pooled,Binary,All,5,6549,1637,0.7227960021723182,0.6739730888045613,0.6132686084142395,0.7065750736015701
Random Forest,Age-stratified,Binary,Children,1,737,184,0.8294629898403483,0.7945003142677561,0.0,1.0
Random Forest,Age-stratified,Binary,Children,2,737,184,0.8619766309639728,0.8062084142028041,0.038461538461538464,1.0
Random Forest,Age-stratified,Binary,Children,3,737,184,0.8135345666991237,0.7934146961606916,0.0,1.0
Random Forest,Age-stratified,Binary,Children,4,737,184,0.8454235637779942,0.7907050873390283,0.0,0.9936708860759493
Random Forest,Age-stratified,Binary,Children,5,737,184,0.8426241480038948,0.7934146961606916,0.0,1.0
ANN,Age-stratified,Binary,Children,1,737,184,0.7239961296565071,0.8320882994796038,0.34615384615384615,0.9182389937106918
ANN,Age-stratified,Binary,Children,2,737,184,0.7894352482960078,0.8180508118198508,0.38461538461538464,0.8860759493670886
ANN,Age-stratified,Binary,Children,3,737,184,0.7563291139240507,0.8165963980270823,0.4230769230769231,0.8734177215189873
ANN,Age-stratified,Binary,Children,4,737,184,0.8059883154819864,0.855035072762896,0.38461538461538464,0.9430379746835443
ANN,Age-stratified,Binary,Children,5,737,184,0.762414800389484,0.8121028165162703,0.3076923076923077,0.8987341772151899
Random Forest,Age-stratified,Binary,Youth,1,1628,406,0.6865175963277229,0.7194227251225104,0.10989010989010989,0.9746835443037974
Random Forest,Age-stratified,Binary,Youth,2,1628,406,0.7495826957852274,0.7452657940669225,0.14285714285714285,0.9968354430379747
Random Forest,Age-stratified,Binary,Youth,3,1628,406,0.736420225344276,0.7323678595892982,0.12087912087912088,0.990506329113924
Random Forest,Age-stratified,Binary,Youth,4,1628,406,0.7454451345755693,0.7290453520066567,0.11956521739130435,0.9904761904761905
Random Forest,Age-stratified,Binary,Youth,5,1628,406,0.7448281876853307,0.7405375270494066,0.15384615384615385,0.9809523809523809
ANN,Age-stratified,Binary,Youth,1,1628,406,0.6782932257615801,0.7248157248157249,0.38461538461538464,0.8227848101265823
ANN,Age-stratified,Binary,Youth,2,1628,406,0.7303519265544582,0.755896920494838,0.4945054945054945,0.8259493670886076
ANN,Age-stratified,Binary,Youth,3,1628,406,0.727222144943664,0.7588077872485872,0.3956043956043956,0.8734177215189873
ANN,Age-stratified,Binary,Youth,4,1628,406,0.7083160800552105,0.7367274738118728,0.358695652173913,0.8571428571428571
ANN,Age-stratified,Binary,Youth,5,1628,406,0.7534275248560963,0.7693045870385772,0.5494505494505495,0.8253968253968254
Random Forest,Age-stratified,Binary,Adults,1,3154,788,0.6790755550946869,0.6112297936284056,0.4273743016759777,0.7888631090487239
Random Forest,Age-stratified,Binary,Adults,2,3154,788,0.6638614888073727,0.6057192255267323,0.4748603351955307,0.7262180974477959
Random Forest,Age-stratified,Binary,Adults,3,3154,788,0.660534747541708,0.6068752305097821,0.42296918767507,0.7842227378190255
Random Forest,Age-stratified,Binary,Adults,4,3154,788,0.6502043973041653,0.5984836577815226,0.453781512605042,0.7331786542923434
Random Forest,Age-stratified,Binary,Adults,5,3154,788,0.6699844671047073,0.5971774530996585,0.4173669467787115,0.7703016241299304
ANN,Age-stratified,Binary,Adults,1,3154,788,0.6333523441651869,0.6022056875669043,0.5670391061452514,0.6310904872389791
ANN,Age-stratified,Binary,Adults,2,3154,788,0.6283069125977007,0.5848386036877575,0.5614525139664804,0.6032482598607889
ANN,Age-stratified,Binary,Adults,3,3154,788,0.6016624747346735,0.5967138502775274,0.5630252100840336,0.6241299303944315
ANN,Age-stratified,Binary,Adults,4,3154,788,0.6458174917298707,0.6084831716143976,0.5910364145658263,0.6218097447795824
ANN,Age-stratified,Binary,Adults,5,3154,788,0.6426166754404778,0.5968396685971595,0.5350140056022409,0.6496519721577726
Random Forest,Age-stratified,Binary,Seniors,1,1032,257,0.7827303131650958,0.7151880562733275,0.7832167832167832,0.6347826086956522
Random Forest,Age-stratified,Binary,Seniors,2,1032,257,0.7523563393128612,0.6871088142405971,0.7692307692307693,0.591304347826087
Random Forest,Age-stratified,Binary,Seniors,3,1032,257,0.7599878382487079,0.6930268076755729,0.7412587412587412,0.6347826086956522
Random Forest,Age-stratified,Binary,Seniors,4,1032,257,0.7265126178169656,0.6238537260111896,0.7202797202797203,0.5130434782608696
Random Forest,Age-stratified,Binary,Seniors,5,1032,257,0.7607470912431109,0.7182417360293958,0.7816901408450704,0.6434782608695652
ANN,Age-stratified,Binary,Seniors,1,1032,257,0.7456369717239282,0.6635403576632556,0.6713286713286714,0.6521739130434783
ANN,Age-stratified,Binary,Seniors,2,1032,257,0.7259957433870478,0.6901671994006272,0.7132867132867133,0.6608695652173913
ANN,Age-stratified,Binary,Seniors,3,1032,257,0.6677713590757068,0.6363867147174203,0.6503496503496503,0.6173913043478261
ANN,Age-stratified,Binary,Seniors,4,1032,257,0.7133475220431742,0.6481978673300713,0.6503496503496503,0.6434782608695652
ANN,Age-stratified,Binary,Seniors,5,1032,257,0.7096754439681567,0.6391206302433317,0.6197183098591549,0.6608695652173913
Random Forest,Pooled baseline,Multiclass,All,1,6549,1637,0.7379797544925556,0.4975313444316023,0.6251526251526252,0.4033517567714269
Random Forest,Pooled baseline,Multiclass,All,2,6549,1637,0.7034895316668152,0.5039126299709917,0.628588882101405,0.40754873206548287
Random Forest,Pooled baseline,Multiclass,All,3,6549,1637,0.7256923593324711,0.501841335815031,0.6310323762981063,0.40386433676615063
Random Forest,Pooled baseline,Multiclass,All,4,6549,1637,0.7372004955345707,0.500758467857139,0.6298106291997556,0.4051937159472903
Random Forest,Pooled baseline,Multiclass,All,5,6549,1637,0.7371996595209519,0.4961078985331549,0.6267562614538791,0.40281902357459354
ANN,Pooled baseline,Multiclass,All,1,6549,1637,0.6743816368674087,0.5800100863021415,0.5818070818070818,0.6537278482031249
ANN,Pooled baseline,Multiclass,All,2,6549,1637,0.6800181781550915,0.577934013542491,0.5754428833231521,0.6639217570888795
ANN,Pooled baseline,Multiclass,All,3,6549,1637,0.6846814018998962,0.5812595666962316,0.5815516188149054,0.6551791677193531
ANN,Pooled baseline,Multiclass,All,4,6549,1637,0.6946551304709272,0.5891986110714253,0.5931582162492364,0.6539491003405692
ANN,Pooled baseline,Multiclass,All,5,6549,1637,0.6541376120509261,0.5578525951241781,0.5693341478313989,0.6088414822498954
Random Forest,Age-inclusive pooled,Multiclass,All,1,6549,1637,0.7351394830724198,0.5123595885572995,0.6330891330891331,0.4184988502740179
Random Forest,Age-inclusive pooled,Multiclass,All,2,6549,1637,0.7132391833656547,0.5170970899065542,0.6334758704948076,0.4202177322869977
Random Forest,Age-inclusive pooled,Multiclass,All,3,6549,1637,0.7354136437349374,0.5131278382408133,0.6340867440439829,0.41512446654929197
Random Forest,Age-inclusive pooled,Multiclass,All,4,6549,1637,0.7374164227621756,0.5042801955625075,0.6322541233964569,0.4071249818563304
Random Forest,Age-inclusive pooled,Multiclass,All,5,6549,1637,0.7383192412530931,0.5135618640033401,0.6346976175931582,0.4165037804712031
ANN,Age-inclusive pooled,Multiclass,All,1,6549,1637,0.6772725305165256,0.571387374845295,0.5695970695970696,0.6530695313875888
ANN,Age-inclusive pooled,Multiclass,All,2,6549,1637,0.6695369931861305,0.5743064904585092,0.5742211362248014,0.6464160912638631
ANN,Age-inclusive pooled,Multiclass,All,3,6549,1637,0.6757591651625218,0.5783599563756828,0.5778863775198534,0.6579138755579117
ANN,Age-inclusive pooled,Multiclass,All,4,6549,1637,0.7071325850835367,0.6037136631959167,0.6059865607819181,0.6727252938954076
ANN,Age-inclusive pooled,Multiclass,All,5,6549,1637,0.6665735556983876,0.5782444898578538,0.5833842394624312,0.6327459366280097
Random Forest,Age-stratified,Multiclass,Children,1,737,184,0.8048488965434509,0.7945003142677561,0.8594594594594595,0.14054054054054055
Random Forest,Age-stratified,Multiclass,Children,2,737,184,0.8439632192808678,0.7934146961606916,0.8586956521739131,0.14130434782608695
Random Forest,Age-stratified,Multiclass,Children,3,737,184,0.8657629141140785,0.7934146961606916,0.8586956521739131,0.14130434782608695
Random Forest,Age-stratified,Multiclass,Children,4,737,184,0.7694931577671125,0.7934146961606916,0.8586956521739131,0.14130434782608695
Random Forest,Age-stratified,Multiclass,Children,5,737,184,0.8359287284564602,0.7934146961606916,0.8586956521739131,0.14130434782608695
ANN,Age-stratified,Multiclass,Children,1,737,184,0.7661827292645669,0.8274650034650034,0.8432432432432433,0.49850318596896026
ANN,Age-stratified,Multiclass,Children,2,737,184,0.763151882243136,0.7827526567051462,0.7717391304347826,0.460687471690862
ANN,Age-stratified,Multiclass,Children,3,737,184,0.8053255779639382,0.800809061488673,0.7880434782608695,0.5922785253169479
ANN,Age-stratified,Multiclass,Children,4,737,184,0.7115802675585283,0.7858124861905581,0.7989130434782609,0.33254018181901374
ANN,Age-stratified,Multiclass,Children,5,737,184,0.6975333018406085,0.7915267355056137,0.7934782608695652,0.39704578416884373
Random Forest,Age-stratified,Multiclass,Youth,1,1628,406,0.726609237133368,0.6786900064908363,0.7764127764127764,0.22358722358722358
Random Forest,Age-stratified,Multiclass,Youth,2,1628,406,0.6794849877751432,0.6786900064908363,0.7764127764127764,0.22358722358722358
Random Forest,Age-stratified,Multiclass,Youth,3,1628,406,0.7072623870067022,0.6831095719003928,0.7764127764127764,0.2316088755257895
Random Forest,Age-stratified,Multiclass,Youth,4,1628,406,0.7245526269306962,0.6741251401445576,0.7714987714987716,0.22552503802503804
Random Forest,Age-stratified,Multiclass,Youth,5,1628,406,0.7309396832641906,0.6767241379310345,0.7733990147783252,0.2236247947454844
ANN,Age-stratified,Multiclass,Youth,1,1628,406,0.7010577995033953,0.7044392417011456,0.6977886977886978,0.551322218047822
ANN,Age-stratified,Multiclass,Youth,2,1628,406,0.684761604243162,0.7133680241926382,0.7076167076167076,0.5663934644961998
ANN,Age-stratified,Multiclass,Youth,3,1628,406,0.6654078058884256,0.7069080443360625,0.7223587223587223,0.4506375668796295
ANN,Age-stratified,Multiclass,Youth,4,1628,406,0.7014366834850051,0.6884432680441549,0.6781326781326781,0.5536923789908696
ANN,Age-stratified,Multiclass,Youth,5,1628,406,0.7184670727466295,0.7002553979241776,0.6921182266009852,0.5427926958099372
Random Forest,Age-stratified,Multiclass,Adults,1,3154,788,0.6528346875093569,0.39926105978209353,0.550063371356147,0.4620822938621439
Random Forest,Age-stratified,Multiclass,Adults,2,3154,788,0.6000925628201416,0.40206519863131257,0.5475285171102662,0.4627963328793883
Random Forest,Age-stratified,Multiclass,Adults,3,3154,788,0.6403453144063348,0.38619105965508904,0.5456852791878173,0.4524594332426095
Random Forest,Age-stratified,Multiclass,Adults,4,3154,788,0.6097804973595138,0.39276580175891296,0.5444162436548223,0.456626395623111
Random Forest,Age-stratified,Multiclass,Adults,5,3154,788,0.6313533132128774,0.3933404189077444,0.549492385786802,0.4589576608985388
ANN,Age-stratified,Multiclass,Adults,1,3154,788,0.6179673544766173,0.49335906414799857,0.4892268694550063,0.6608732388688943
ANN,Age-stratified,Multiclass,Adults,2,3154,788,0.581496259338349,0.47329650117989797,0.47275031685678076,0.6265723544836362
ANN,Age-stratified,Multiclass,Adults,3,3154,788,0.6157532233013187,0.4930391736996133,0.4949238578680203,0.6472366426958416
ANN,Age-stratified,Multiclass,Adults,4,3154,788,0.6041434522594078,0.48087929797136686,0.4746192893401015,0.6580367054747776
ANN,Age-stratified,Multiclass,Adults,5,3154,788,0.6135299968075101,0.4896091786791599,0.4873096446700508,0.6538020119055233
Random Forest,Age-stratified,Multiclass,Seniors,1,1032,257,0.6875085421040394,0.47153959929260886,0.5465116279069767,0.6881286886482334
Random Forest,Age-stratified,Multiclass,Seniors,2,1032,257,0.6956794731385438,0.47351775529464263,0.5426356589147286,0.7021085279546955
Random Forest,Age-stratified,Multiclass,Seniors,3,1032,257,0.715028051713326,0.48127255442608047,0.5581395348837209,0.6932438066324479
Random Forest,Age-stratified,Multiclass,Seniors,4,1032,257,0.6999613694044656,0.46840367946736156,0.5465116279069767,0.6774835420084968
Random Forest,Age-stratified,Multiclass,Seniors,5,1032,257,0.7031912026228577,0.4682376646236886,0.5408560311284046,0.6857946083639913
ANN,Age-stratified,Multiclass,Seniors,1,1032,257,0.657071926183752,0.49490007788579066,0.49224806201550386,0.7385199623695418
ANN,Age-stratified,Multiclass,Seniors,2,1032,257,0.6606042964875319,0.47220959936333157,0.4728682170542636,0.7406883086464747
ANN,Age-stratified,Multiclass,Seniors,3,1032,257,0.6911548005608287,0.5360793496495121,0.5387596899224806,0.7498843036550993
ANN,Age-stratified,Multiclass,Seniors,4,1032,257,0.6761440977274348,0.484959060006546,0.4844961240310077,0.7371636203991353
ANN,Age-stratified,Multiclass,Seniors,5,1032,257,0.6731203238932149,0.472761106393688,0.47470817120622566,0.7295316338620798
